Name,ID,Requester
dog_image31.jpg,,Subscriber1
cat_image6.jpg,,Subscriber2
dog_image30.jpg,,Subscriber2
cat_image48.jpg,,Subscriber1
dog_image35.jpg,,Subscriber1
cat_image12.jpg,,Subscriber1
dog_image18.jpg,,Subscriber1
dog_image11.jpg,,Subscriber2
cat_image50.jpg,,Subscriber1
dog_image47.jpg,,Subscriber1
dog_image12.jpg,,Subscriber2
dog_image40.jpg,,Subscriber2
dog_image46.jpg,,Subscriber2
dog_image41.jpg,,Subscriber1
dog_image42.jpg,,Subscriber2
cat_image10.jpg,,Subscriber1
dog_image9.jpg,,Subscriber1
dog_image32.jpg,,Subscriber1
dog_image19.jpg,,Subscriber1
cat_image4.jpg,,Subscriber2
